Model,MAE,RMSE,MAE_%_of_Mean
SARIMAX (Seasonal),0.3739947996998228,0.45244443775371695,42.55176882532698
